Date,Open,High,Low,Close,Trend,Near support,Near resistance,Far support,Far resistance,Shares,Price,Cash,PnL,N_far,N_near
2022-01-03,176.80387433376782,181.8247374938345,176.68457162105662,180.95974731445312,0.0,,,,,0.0,,0.0,0.0,,
2022-01-04,181.5761870410157,181.88439584119394,178.0864308526617,178.6630859375,0.0,,,,,0.0,,0.0,0.0,,
2022-01-05,178.57358390911529,179.13035007290694,173.6322614493542,173.91064453125,0.0,,,,,0.0,,0.0,0.0,,
2022-01-06,171.70348039658086,174.28848389927217,170.64959925449276,171.0075225830078,0.0,,,,,0.0,,0.0,0.0,,
2022-01-07,171.8923755421327,173.1351626911072,170.04310765762898,171.17652893066406,0.0,,,,,0.0,,0.0,0.0,,
2022-01-10,168.10435621926305,171.50461990648532,167.19960356892346,171.1964111328125,0.0,,,,,0.0,,0.0,0.0,,
2022-01-11,171.32567925303044,174.1691617982015,169.83433461539923,174.0697479248047,0.0,,,,,0.0,,0.0,0.0,,
2022-01-12,175.10372749404806,176.15760853419263,173.81124103846915,174.5171356201172,0.0,,,,,0.0,,0.0,0.0,,
2022-01-13,174.7656920452508,175.6008413359915,170.798710158121,171.1964111328125,0.0,,,,,0.0,,0.0,0.0,,
2022-01-14,170.35132170738993,172.7772447244718,170.1027642699142,172.07135009765625,0.0,,,,,0.0,,0.0,0.0,,
2022-01-18,170.52032997577606,171.54438535065597,168.43245671323794,168.82020568847656,0.0,,,,,0.0,,0.0,0.0,,
2022-01-19,169.01906352725237,170.09283351603224,164.9824930256262,165.27081298828125,0.0,,,,,0.0,,0.0,0.0,,
2022-01-20,166.01647866565924,168.70089594452054,163.2326323439452,163.56072998046875,0.0,,,,,0.0,,0.0,0.0,,
2022-01-21,163.47125091657557,165.3702333480158,161.36348873677323,161.4728546142578,0.0,,,,,0.0,,0.0,0.0,,
2022-01-24,159.09663483102133,161.36347724771906,153.80732574489943,160.68739318847656,0.0,,,,,0.0,,0.0,0.0,,
2022-01-25,158.06264537246045,161.82083270808158,156.11396350919003,158.8580322265625,0.0,,,,,0.0,,0.0,0.0,,
2022-01-26,162.5565520679295,163.4414158729681,156.90933478874848,158.76853942871094,0.0,,,,,0.0,,0.0,0.0,,
2022-01-27,161.51261196021377,162.89459063834667,157.36667592581514,158.30125427246094,0.0,,,,,0.0,,0.0,0.0,,
2022-01-28,164.75381618545572,169.36704155248356,161.8606040134593,169.34715270996094,0.0,,,,,0.0,,0.0,0.0,,
2022-01-31,169.17813266793027,173.99020086810444,168.53187424797525,173.77146911621094,0.0,,,,,0.0,,0.0,0.0,,
2022-02-01,173.00591883130954,173.83113137051024,171.31573123677165,173.6024627685547,0.0,,,,,0.0,,0.0,0.0,,
2022-02-02,173.74164116159096,174.8651255842545,172.32983679925042,174.82534790039062,0.0,,,,,0.0,,0.0,0.0,,
2022-02-03,173.47319801702386,175.2230520407535,171.12681526126593,171.90231323242188,0.0,,,,,0.0,,0.0,0.0,,
2022-02-04,170.9068230398649,173.31593781323846,169.91132659105838,171.61363220214844,0.0,,,,,0.0,,0.0,0.0,,
2022-02-07,172.08150976634272,173.1665972058991,170.18010798065197,170.8869171142578,0.0,,,,,0.0,,0.0,0.0,,
2022-02-08,170.95658821824446,174.56029542483793,170.65793626774337,174.04263305664062,0.0,,,,,0.0,,0.0,0.0,,
2022-02-09,175.25713933082056,175.85442803998657,174.11230938896466,175.48609924316406,0.0,,,,,0.0,,0.0,0.0,,
2022-02-10,173.35574033020816,174.68970184398432,170.77740833192377,171.34483337402344,0.0,,,,,0.0,,0.0,0.0,,
2022-02-11,171.5538924846809,172.3005147674895,167.283204520577,167.88050842285156,0.0,,,,,0.0,,0.0,0.0,,
2022-02-14,166.61622131313243,168.81627495765449,165.809871690004,168.1194305419922,0.0,,,,,0.0,,0.0,0.0,,
2022-02-15,170.20002991451724,172.17110863974193,169.48327125260457,172.01182556152344,0.0,,,,,0.0,,0.0,0.0,,
2022-02-16,171.07607421114074,172.5593542277633,169.28417752958163,171.77291870117188,0.0,,,,,0.0,,0.0,0.0,,
2022-02-17,170.2597416451126,171.13578330484177,167.7112733877939,168.1194305419922,0.0,,,,,0.0,,0.0,0.0,,
2022-02-18,169.05520980399945,169.77195325352088,165.4415529285655,166.5465545654297,0.0,,,,,0.0,,0.0,0.0,,
2022-02-22,164.2370026953234,165.93930833568868,161.41974587394313,163.57998657226562,0.0,,,,,0.0,,0.0,0.0,,
2022-02-23,164.79447259961125,165.40172603047597,159.03055494441176,159.34912109375,0.0,,,,,0.0,,0.0,0.0,,
2022-02-24,151.89284790941298,162.11660055239162,151.31545815417417,162.00709533691406,0.0,,,,,0.0,,0.0,0.0,,
2022-02-25,163.10212862313415,164.3763628162782,160.14550306199234,164.1075897216797,0.0,,,,,0.0,,0.0,0.0,,
2022-02-28,162.32563791200977,164.67500998538043,161.69847032939361,164.37635803222656,0.0,,,,,0.0,,0.0,0.0,,
2022-03-01,163.95825621648387,165.849708515611,161.24055526165984,162.4650115966797,0.0,,,,,0.0,,0.0,0.0,,
2022-03-02,163.64966521520103,166.60629096653253,162.21614785818323,165.8098907470703,0.0,,,,,0.0,,0.0,0.0,,
2022-03-03,167.71128651326146,168.14930737740656,164.8044387303815,165.4813690185547,0.0,,,,,0.0,,0.0,0.0,,
2022-03-04,163.74919733893228,164.8044210218579,161.36996170986097,162.4351348876953,0.0,,,,,0.0,,0.0,0.0,,
2022-03-07,162.6243091933775,164.2768370325082,158.32375701299947,158.5825958251953,0.0,,,,,0.0,,0.0,0.0,,
2022-03-08,158.10473154367423,162.14644413948741,155.09832842858398,156.73094177246094,0.0,,,,,0.0,,0.0,0.0,,
2022-03-09,160.7527597751045,162.67407578995943,158.69209005727862,162.2161407470703,0.0,,,,,0.0,,0.0,0.0,,
2022-03-10,159.4785333657766,159.66768012775296,155.2775369968631,157.8061065673828,0.0,,,,,0.0,,0.0,0.0,,
2022-03-11,158.21423928914774,158.56266911338648,153.80419742445676,154.0331573486328,0.0,,,,,0.0,,0.0,0.0,,
2022-03-14,150.76791415646002,153.42588749977426,149.4240032426863,149.941650390625,0.0,,,,,0.0,,0.0,0.0,,
2022-03-15,150.22039313184166,154.86937445338154,149.70274596671578,154.3915252685547,0.0,,,,,0.0,,0.0,0.0,,
2022-03-16,156.34272252354268,159.27943405084096,153.76439033046162,158.87127685546875,0.0,149.4240032426863,168.14930737740656,149.4240032426863,172.5593542277633,0.0,,0.0,0.0,20.0,10.0
2022-03-17,157.89569454147875,160.27493047950333,156.920112261345,159.89663696289062,0.0,149.4240032426863,168.14930737740656,149.4240032426863,172.5593542277633,0.0,,0.0,0.0,20.0,10.0
2022-03-18,159.78714195215676,163.73926437638193,159.04051955750572,163.24151611328125,0.0,149.4240032426863,164.8044210218579,149.4240032426863,171.13578330484177,0.0,,0.0,0.0,20.0,10.0
2022-03-21,162.7736194349732,165.60084090374724,162.27587120886042,164.6352081298828,0.0,149.4240032426863,164.2768370325082,149.4240032426863,169.77195325352088,0.0,,0.0,0.0,20.0,10.0
2022-03-22,164.76460183514953,168.65699636081558,164.1673131159355,168.05970764160156,0.0,149.4240032426863,165.60084090374724,149.4240032426863,168.14930737740656,0.0,,0.0,0.0,20.0,10.0
2022-03-23,167.23344767844202,171.86249991705532,166.8949673539937,169.44345092773438,1.0,149.4240032426863,168.65699636081558,149.4240032426863,168.65699636081558,0.0,,0.0,0.0,20.0,10.0
2022-03-24,170.28960279062446,173.35573336405113,169.44344000920285,173.2860565185547,1.0,149.4240032426863,171.86249991705532,149.4240032426863,171.86249991705532,0.0,,0.0,0.0,20.0,10.0
2022-03-25,173.096922637853,174.49061155197825,171.97200682069266,173.93313598632812,1.0,149.4240032426863,173.35573336405113,149.4240032426863,173.35573336405113,0.0,,0.0,0.0,20.0,10.0
2022-03-28,171.394613039634,174.93857778649127,171.22538047476382,174.80917358398438,1.0,149.4240032426863,174.49061155197825,149.4240032426863,174.49061155197825,0.0,,0.0,0.0,20.0,10.0
2022-03-29,175.8942564571803,178.20380014214706,175.54582665083754,178.15403747558594,1.0,149.70274596671578,174.93857778649127,149.4240032426863,174.93857778649127,0.0,,0.0,0.0,20.0,10.0
2022-03-30,177.74589213476534,178.80111592917942,175.90421764748558,176.9694061279297,1.0,153.76439033046162,178.20380014214706,149.4240032426863,178.20380014214706,0.0,,0.0,0.0,20.0,10.0
2022-03-31,177.03907271395667,177.22821945671774,173.61456273363032,173.82362365722656,1.0,156.920112261345,178.80111592917942,149.4240032426863,178.80111592917942,0.0,,0.0,0.0,20.0,10.0
2022-04-01,173.24624085514364,174.09241888864904,171.1656569817865,173.5249786376953,1.0,159.04051955750572,178.80111592917942,149.4240032426863,178.80111592917942,0.0,,0.0,0.0,20.0,10.0
2022-04-04,173.78380185631977,177.68614565243314,173.65438247242136,177.63636779785156,1.0,162.27587120886042,178.80111592917942,149.4240032426863,178.80111592917942,0.0,,0.0,0.0,20.0,10.0
2022-04-05,176.7006202184449,177.49702041800688,173.63448932367697,174.2716064453125,1.0,164.1673131159355,178.80111592917942,149.4240032426863,178.80111592917942,0.0,,0.0,0.0,20.0,10.0
2022-04-06,171.5837642332182,172.8480489448071,169.36381146111216,171.05615234375,1.0,166.8949673539937,178.80111592917942,149.4240032426863,178.80111592917942,0.0,,0.0,0.0,20.0,10.0
2022-04-07,170.38916389543385,172.57925289147934,169.0850660692005,171.36474609375,1.0,169.36381146111216,178.80111592917942,149.4240032426863,178.80111592917942,0.0,,0.0,0.0,20.0,10.0
2022-04-08,171.0063659118593,171.0063659118593,168.43798344411078,169.323974609375,1.0,169.0850660692005,178.80111592917942,149.4240032426863,178.80111592917942,0.0,,0.0,0.0,20.0,10.0
2022-04-11,167.95020074504785,168.2687516874166,164.75465068558222,165.00352478027344,1.0,168.43798344411078,178.80111592917942,149.4240032426863,178.80111592917942,1.0,168.43798344411078,-168.43798344411078,-3.434458663837347,20.0,10.0
2022-04-12,167.26331707222218,169.10497638286253,165.88952711623114,166.90493774414062,1.0,164.75465068558222,178.80111592917942,149.70274596671578,178.80111592917942,1.0,,-168.43798344411078,-1.5330456999701596,20.0,10.0
2022-04-13,166.63614486722585,170.26970071833287,166.01894194864445,169.63258361816406,1.0,164.75465068558222,178.80111592917942,153.76439033046162,178.80111592917942,1.0,,-168.43798344411078,1.194600174053278,20.0,10.0
2022-04-14,169.85160664701323,170.49868848101886,164.29673439744508,164.5456085205078,1.0,164.75465068558222,177.68614565243314,156.920112261345,178.80111592917942,1.0,,-168.43798344411078,-3.892374923602972,20.0,10.0
2022-04-18,163.18176913951493,165.84970740791573,162.83335451126285,164.32659912109375,1.0,164.29673439744508,177.68614565243314,159.04051955750572,178.80111592917942,1.0,,-168.43798344411078,-4.111384323017035,20.0,10.0
2022-04-19,164.27683163729625,167.064224789693,163.17182994863464,166.64610290527344,1.0,162.83335451126285,177.68614565243314,162.27587120886042,178.80111592917942,1.0,,-168.43798344411078,-1.791880538837347,20.0,10.0
2022-04-20,167.99996063613114,168.11943052885604,165.3519518568213,166.4768524169922,1.0,162.83335451126285,177.49702041800688,162.83335451126285,178.80111592917942,1.0,,-168.43798344411078,-1.961131027118597,20.0,10.0
2022-04-21,168.14930859043832,170.75750442202852,165.162819247981,165.67051696777344,1.0,162.83335451126285,172.8480489448071,162.83335451126285,178.80111592917942,1.0,,-168.43798344411078,-2.767466476337347,20.0,10.0
2022-04-22,165.71033713795472,167.11397551504817,160.77266831895557,161.0613555908203,-1.0,162.83335451126285,172.57925289147934,162.83335451126285,178.80111592917942,0.0,162.83335451126285,-5.60462893284793,-5.60462893284793,20.0,10.0
2022-04-25,160.39437052186543,162.43514112153832,157.7463617180189,162.14645385742188,-1.0,160.77266831895557,171.0063659118593,160.77266831895557,178.80111592917942,-1.0,171.0063659118593,165.40173697901136,3.2552831215894855,20.0,10.0
2022-04-26,161.51929399880987,161.608885030912,156.01420001639806,156.09384155273438,-1.0,157.7463617180189,170.75750442202852,157.7463617180189,178.80111592917942,-1.0,,165.40173697901136,9.307895426276986,20.0,10.0
2022-04-27,155.20785213307005,159.07036795436642,154.68024024008278,155.86488342285156,-1.0,156.01420001639806,170.75750442202852,156.01420001639806,178.80111592917942,-1.0,,165.40173697901136,9.536853556159798,20.0,10.0
2022-04-28,158.53280180423712,163.7790720889061,158.21423566479427,162.9030303955078,-1.0,154.68024024008278,170.75750442202852,154.68024024008278,178.80111592917942,-1.0,,165.40173697901136,2.498706583503548,20.0,10.0
2022-04-29,161.11113481592176,165.45149975676915,156.54180995475113,156.94000244140625,-1.0,154.68024024008278,170.75750442202852,154.68024024008278,177.68614565243314,-1.0,,165.40173697901136,8.46173453760511,20.0,10.0
2022-05-02,156.00424100224518,157.5173845301029,152.5797310990753,157.2486114501953,-1.0,154.68024024008278,170.75750442202852,154.68024024008278,177.68614565243314,-1.0,,165.40173697901136,8.153125528816048,20.0,10.0
2022-05-03,157.43775246731067,159.98623605764243,155.6160073892082,158.7617645263672,-1.0,152.5797310990753,170.75750442202852,152.5797310990753,177.68614565243314,-1.0,,165.40173697901136,6.639972452644173,20.0,10.0
2022-05-04,158.95090044842777,165.7302281643631,158.5427432991399,165.27230834960938,-1.0,152.5797310990753,170.75750442202852,152.5797310990753,177.49702041800688,-1.0,,165.40173697901136,0.12942862940198552,20.0,10.0
2022-05-05,163.11209667315114,163.3410565995918,154.25216930268923,156.06398010253906,-1.0,152.5797310990753,170.75750442202852,152.5797310990753,172.8480489448071,-1.0,,165.40173697901136,9.337756876472298,20.0,10.0
2022-05-06,155.53558496824724,158.9551626192531,153.7111479750546,156.80172729492188,-1.0,152.5797310990753,167.11397551504817,152.5797310990753,172.57925289147934,-1.0,,165.40173697901136,8.600009684089486,20.0,10.0
2022-05-09,154.45886290542302,155.35613520452472,151.02933644989548,151.59759521484375,-1.0,152.5797310990753,165.7302281643631,152.5797310990753,171.0063659118593,-1.0,,165.40173697901136,13.80414176416761,20.0,10.0
2022-05-10,155.04706894771004,156.26336015261032,152.46493355950471,154.04013061523438,-1.0,151.02933644989548,165.7302281643631,151.02933644989548,170.75750442202852,-1.0,,165.40173697901136,11.361606363776986,20.0,10.0
2022-05-11,153.03321791508907,154.97728506762394,145.366600199237,146.05450439453125,-1.0,151.02933644989548,165.7302281643631,151.02933644989548,170.75750442202852,-1.0,,165.40173697901136,19.34723258448011,20.0,10.0
2022-05-12,142.3358481970326,145.75541044545304,138.37791954127903,142.12648010253906,-1.0,145.366600199237,165.7302281643631,145.366600199237,170.75750442202852,-1.0,,165.40173697901136,23.275256876472298,20.0,10.0
2022-05-13,144.150302418905,147.64963834824385,142.67480731477008,146.6626434326172,-1.0,138.37791954127903,165.7302281643631,138.37791954127903,170.75750442202852,-1.0,,165.40173697901136,18.739093546394173,20.0,10.0
2022-05-16,145.10739143571146,147.07140196314336,143.74154720534668,145.097412109375,-1.0,138.37791954127903,165.7302281643631,138.37791954127903,170.75750442202852,-1.0,,165.40173697901136,20.30432486963636,20.0,10.0
2022-05-17,148.40732927046932,149.31456568432304,146.23395056543447,148.7861785888672,-1.0,138.37791954127903,165.7302281643631,138.37791954127903,170.75750442202852,-1.0,,165.40173697901136,16.615558390144173,20.0,10.0
2022-05-18,146.403446691406,146.91189034473368,139.47456892929358,140.39178466796875,-1.0,138.37791954127903,165.7302281643631,138.37791954127903,170.75750442202852,-1.0,,165.40173697901136,25.00995231104261,20.0,10.0
2022-05-19,139.45464791007922,141.2292339436955,136.18462318213085,136.93234252929688,-1.0,138.37791954127903,163.3410565995918,138.37791954127903,170.75750442202852,-1.0,,165.40173697901136,28.469394449714486,20.0,10.0
2022-05-20,138.66703900731875,140.27214378347446,132.2067482317331,137.17160034179688,-1.0,136.18462318213085,158.9551626192531,136.18462318213085,167.11397551504817,-1.0,,165.40173697901136,28.230136637214486,20.0,10.0
2022-05-23,137.37099013803913,142.82435772899245,137.23141647005303,142.67481994628906,-1.0,132.2067482317331,156.26336015261032,132.2067482317331,165.7302281643631,-1.0,,165.40173697901136,22.726917032722298,20.0,10.0
2022-05-24,140.38181032123916,141.53828654373478,136.91239686614108,139.9331817626953,-1.0,132.2067482317331,156.26336015261032,132.2067482317331,165.7302281643631,-1.0,,165.40173697901136,25.468555216316048,20.0,10.0
2022-05-25,138.0090410608773,141.35882424900942,137.91931839275315,140.0926971435547,-1.0,132.2067482317331,154.97728506762394,132.2067482317331,165.7302281643631,-1.0,,165.40173697901136,25.309039835456673,20.0,10.0
2022-05-26,136.97220560781082,143.9010680810427,136.72296584105868,143.3427734375,-1.0,132.2067482317331,149.31456568432304,132.2067482317331,165.7302281643631,-1.0,,165.40173697901136,22.05896354151136,20.0,10.0
2022-05-27,144.94787581550264,149.22482345081568,144.81826627090933,149.18495178222656,-1.0,132.2067482317331,149.31456568432304,132.2067482317331,165.7302281643631,-1.0,,165.40173697901136,16.216785196784798,20.0,10.0
2022-05-31,148.61670168471503,150.20186301709586,146.3934719186632,148.38739013671875,-1.0,132.2067482317331,149.31456568432304,132.2067482317331,165.7302281643631,-1.0,,165.40173697901136,17.01434684229261,20.0,10.0
2022-06-01,149.44416581410434,151.27858215400067,147.2309153535114,148.25779724121094,-1.0,132.2067482317331,150.20186301709586,132.2067482317331,165.7302281643631,-1.0,,165.40173697901136,17.143939737800423,20.0,10.0
2022-06-02,147.38045668289442,150.80999821387627,146.41340519727262,150.75018310546875,-1.0,132.2067482317331,151.27858215400067,132.2067482317331,165.7302281643631,-1.0,,165.40173697901136,14.65155387354261,20.0,10.0
2022-06-03,146.45327879488477,147.52003228349827,144.02071148406793,144.9379119873047,-1.0,132.2067482317331,151.27858215400067,132.2067482317331,163.3410565995918,-1.0,,165.40173697901136,20.463824991706673,20.0,10.0
2022-06-06,146.58289540841923,148.1182209429532,144.45936765524692,145.6956024169922,-1.0,132.2067482317331,151.27858215400067,132.2067482317331,158.9551626192531,-1.0,,165.40173697901136,19.706134562019173,20.0,10.0
2022-06-07,143.9110548750109,148.54690869219428,143.661815095326,148.25779724121094,-1.0,136.72296584105868,151.27858215400067,132.2067482317331,156.26336015261032,-1.0,,165.40173697901136,17.143939737800423,20.0,10.0
2022-06-08,148.12818055667853,149.4142510644879,147.0115912654091,147.51007080078125,-1.0,136.72296584105868,151.27858215400067,132.2067482317331,156.26336015261032,-1.0,,165.40173697901136,17.89166617823011,20.0,10.0
2022-06-09,146.63275412743616,147.50010372304712,142.09658693637337,142.2062530517578,-1.0,136.72296584105868,151.27858215400067,132.2067482317331,154.97728506762394,-1.0,,165.40173697901136,23.195483927253548,20.0,10.0
2022-06-10,139.85342792338926,140.33196405447757,136.64321825307601,136.7130126953125,-1.0,136.72296584105868,151.27858215400067,132.2067482317331,151.27858215400067,-1.0,,165.40173697901136,28.68872428369886,20.0,10.0
2022-06-13,132.46593780652177,134.7888541080491,131.0402937347601,131.4789581298828,-1.0,136.64321825307601,151.27858215400067,132.2067482317331,151.27858215400067,-1.0,,165.40173697901136,33.92277884912855,20.0,10.0
2022-06-14,132.72516265725096,133.48284605572456,131.08017110397645,132.3562774658203,-1.0,131.0402937347601,151.27858215400067,131.0402937347601,151.27858215400067,-1.0,,165.40173697901136,33.04545951319105,20.0,10.0
2022-06-15,133.88162524105692,136.92235341124507,131.75811279137469,135.01815795898438,-1.0,131.0402937347601,151.27858215400067,131.0402937347601,151.27858215400067,-1.0,,165.40173697901136,30.383579020026986,20.0,10.0
2022-06-16,131.67835125762866,131.98740612470633,128.64758727023528,129.66448974609375,-1.0,131.0402937347601,150.80999821387627,131.0402937347601,151.27858215400067,-1.0,,165.40173697901136,35.73724723291761,20.0,10.0
2022-06-17,129.6744681514834,132.67530935109914,129.41524906812032,131.15992736816406,-1.0,128.64758727023528,149.4142510644879,128.64758727023528,151.27858215400067,-1.0,,165.40173697901136,34.2418096108473,20.0,10.0
2022-06-21,133.01427106236102,136.64320129865465,132.9145842874641,135.45681762695312,-1.0,128.64758727023528,149.4142510644879,128.64758727023528,151.27858215400067,-1.0,,165.40173697901136,29.944919352058236,20.0,10.0
2022-06-22,134.38010567255995,137.34107531248333,133.5027920398187,134.93841552734375,-1.0,128.64758727023528,149.4142510644879,128.64758727023528,151.27858215400067,-1.0,,165.40173697901136,30.46332145166761,20.0,10.0
2022-06-23,136.40394549077536,138.16855206887655,135.21756177887553,137.8495330810547,-1.0,128.64758727023528,149.4142510644879,128.64758727023528,151.27858215400067,-1.0,,165.40173697901136,27.552203897956673,20.0,10.0
2022-06-24,139.47457499849813,141.47847256843522,139.344980657141,141.22923278808594,-1.0,128.64758727023528,147.50010372304712,128.64758727023528,151.27858215400067,-1.0,,165.40173697901136,24.172504190925423,20.0,10.0
2022-06-27,142.2660635808878,143.0536698057293,140.54132856033974,141.22923278808594,-1.0,128.64758727023528,141.47847256843522,128.64758727023528,151.27858215400067,-1.0,,165.40173697901136,24.172504190925423,20.0,10.0
2022-06-28,141.69780492676145,142.98387550113446,136.90243398226752,137.02206420898438,-1.0,128.64758727023528,143.0536698057293,128.64758727023528,151.27858215400067,-1.0,,165.40173697901136,28.379672770026986,20.0,10.0
2022-06-29,137.04200346765757,140.24223363375714,136.25439726610963,138.80661010742188,-1.0,128.64758727023528,143.0536698057293,128.64758727023528,151.27858215400067,-1.0,,165.40173697901136,26.595126871589486,20.0,10.0
2022-06-30,136.83263208417065,137.949221372376,133.36321878696964,136.3042449951172,-1.0,128.64758727023528,143.0536698057293,128.64758727023528,151.27858215400067,-1.0,,165.40173697901136,29.097491983894173,20.0,10.0
2022-07-01,135.62629640698464,138.61717342331295,135.24746232933964,138.50750732421875,-1.0,128.64758727023528,143.0536698057293,128.64758727023528,150.80999821387627,-1.0,,165.40173697901136,26.89422965479261,20.0,10.0
2022-07-05,137.35106345507765,141.17938285927693,136.51360622534293,141.12953186035156,-1.0,129.41524906812032,143.0536698057293,128.64758727023528,149.4142510644879,-1.0,,165.40173697901136,24.272205118659798,20.0,10.0
2022-07-06,140.92016432069218,143.681729868042,140.6509811243744,142.48538208007812,-1.0,132.9145842874641,143.0536698057293,128.64758727023528,149.4142510644879,-1.0,,165.40173697901136,22.916354898933236,20.0,10.0
2022-07-07,142.85426068139316,146.10435703635997,142.84429656699703,145.90496826171875,-1.0,133.36321878696964,143.681729868042,128.64758727023528,149.4142510644879,-1.0,,165.40173697901136,19.49676871729261,20.0,10.0
2022-07-08,144.81826386712297,147.1013085749407,144.55905999462664,146.5928497314453,-1.0,133.36321878696964,146.10435703635997,128.64758727023528,149.4142510644879,-1.0,,165.40173697901136,18.808887247566048,20.0,10.0
2022-07-11,145.22702893329244,146.19408046837245,143.34277686015076,144.42945861816406,-1.0,133.36321878696964,147.1013085749407,128.64758727023528,147.50010372304712,-1.0,,165.40173697901136,20.972278360847298,20.0,10.0
2022-07-12,145.31674088440934,147.99856307491393,144.60890850106705,145.41644287109375,-1.0,133.36321878696964,147.1013085749407,128.64758727023528,147.1013085749407,-1.0,,165.40173697901136,19.98529410791761,20.0,10.0
2022-07-13,142.55517929229885,146.00464906836694,141.68781457889983,145.04757690429688,-1.0,133.36321878696964,147.99856307491393,128.64758727023528,147.99856307491393,-1.0,,165.40173697901136,20.354160074714486,20.0,10.0
2022-07-14,143.6418741704605,148.49706029583317,142.81439626192045,148.01852416992188,1.0,133.36321878696964,147.99856307491393,128.64758727023528,147.99856307491393,0.0,147.99856307491393,17.40317390409743,17.40317390409743,20.0,10.0
2022-07-15,149.324519723378,150.40123728271143,147.74932265763394,149.7133331298828,1.0,133.36321878696964,148.49706029583317,128.64758727023528,148.49706029583317,0.0,,17.40317390409743,17.40317390409743,20.0,10.0
2022-07-18,150.2816256802703,151.1091035888747,146.25390225073536,146.62278747558594,1.0,135.24746232933964,150.40123728271143,128.64758727023528,150.40123728271143,0.0,,17.40317390409743,17.40317390409743,20.0,10.0
2022-07-19,147.47018154675837,150.77011358385616,146.46325837796405,150.5408172607422,1.0,136.51360622534293,151.1091035888747,129.41524906812032,151.1091035888747,0.0,,17.40317390409743,17.40317390409743,20.0,10.0
2022-07-20,150.66045581308373,153.2525555836581,149.91273648069367,152.57461547851562,1.0,140.6509811243744,151.1091035888747,132.9145842874641,151.1091035888747,0.0,,17.40317390409743,17.40317390409743,20.0,10.0
2022-07-21,154.03017271946675,155.0969262014118,151.4779599938253,154.87759399414062,1.0,141.68781457889983,153.2525555836581,133.36321878696964,153.2525555836581,0.0,,17.40317390409743,17.40317390409743,20.0,10.0
2022-07-22,154.9174639736648,155.80475690708397,152.94348934213212,153.6214141845703,1.0,141.68781457889983,155.0969262014118,133.36321878696964,155.0969262014118,0.0,,17.40317390409743,17.40317390409743,20.0,10.0
2022-07-25,153.5416680281462,154.5685347009658,151.81693301637966,152.48489379882812,1.0,141.68781457889983,155.80475690708397,133.36321878696964,155.80475690708397,0.0,,17.40317390409743,17.40317390409743,20.0,10.0
2022-07-26,151.79697369609957,152.6244515015757,150.34142205746429,151.1389923095703,1.0,141.68781457889983,155.80475690708397,133.36321878696964,155.80475690708397,0.0,,17.40317390409743,17.40317390409743,20.0,10.0
2022-07-27,152.11601284560462,156.8515683073005,151.69729187237277,156.31320190429688,1.0,141.68781457889983,155.80475690708397,133.36321878696964,155.80475690708397,0.0,,17.40317390409743,17.40317390409743,20.0,10.0
2022-07-28,156.50263578343228,157.1606324426124,153.94045879828096,156.87152099609375,1.0,142.81439626192045,156.8515683073005,133.36321878696964,156.8515683073005,0.0,,17.40317390409743,17.40317390409743,20.0,10.0
2022-07-29,160.7496810776541,163.13241257463397,159.01496687168523,162.01580810546875,1.0,146.25390225073536,157.1606324426124,133.36321878696964,157.1606324426124,0.0,,17.40317390409743,17.40317390409743,20.0,10.0
2022-08-01,160.52036509832863,163.09252117561905,160.40073488481332,161.0188446044922,1.0,146.25390225073536,163.13241257463397,135.24746232933964,163.13241257463397,0.0,,17.40317390409743,17.40317390409743,20.0,10.0
2022-08-02,159.61314485544992,161.91611775288482,159.1445729000321,159.52340698242188,1.0,146.46325837796405,163.13241257463397,136.51360622534293,163.13241257463397,0.0,,17.40317390409743,17.40317390409743,20.0,10.0
2022-08-03,160.35089484028686,166.083409552577,160.2611721740242,165.62481689453125,1.0,149.91273648069367,163.13241257463397,140.6509811243744,163.13241257463397,0.0,,17.40317390409743,17.40317390409743,20.0,10.0
2022-08-04,165.50517491057096,166.68159456040644,163.9299777052186,165.3057861328125,1.0,150.34142205746429,166.083409552577,141.68781457889983,166.083409552577,0.0,,17.40317390409743,17.40317390409743,20.0,10.0
2022-08-05,162.93971651353576,165.57534383079556,162.73005758935318,165.076171875,1.0,150.34142205746429,166.68159456040644,141.68781457889983,166.68159456040644,0.0,,17.40317390409743,17.40317390409743,20.0,10.0
2022-08-08,166.0944701995919,167.53208785668818,163.92806575898842,164.59695434570312,1.0,150.34142205746429,166.68159456040644,141.68781457889983,166.68159456040644,0.0,,17.40317390409743,17.40317390409743,20.0,10.0
2022-08-09,163.74836247351178,165.5453844494596,162.97963344395,164.64686584472656,1.0,150.34142205746429,167.53208785668818,141.68781457889983,167.53208785668818,0.0,,17.40317390409743,17.40317390409743,20.0,10.0
2022-08-10,167.402302730013,169.05955730846873,166.62359568394717,168.95973205566406,1.0,151.69729187237277,167.53208785668818,141.68781457889983,167.53208785668818,0.0,,17.40317390409743,17.40317390409743,20.0,10.0
2022-08-11,169.77836000817638,170.70682775010692,167.91146180297088,168.21096801757812,1.0,153.94045879828096,169.05955730846873,142.81439626192045,169.05955730846873,0.0,,17.40317390409743,17.40317390409743,20.0,10.0
2022-08-12,169.5387643636264,171.88486333251956,169.11944653013776,171.8149871826172,1.0,159.01496687168523,170.70682775010692,146.25390225073536,170.70682775010692,0.0,,17.40317390409743,17.40317390409743,20.0,10.0
2022-08-15,171.2359504935509,173.10284871727785,171.06623385807742,172.90318298339844,1.0,159.1445729000321,171.88486333251956,146.25390225073536,171.88486333251956,0.0,,17.40317390409743,17.40317390409743,20.0,10.0
2022-08-16,172.49385275303948,173.42232047417798,171.37571249263212,172.74343872070312,1.0,159.1445729000321,173.10284871727785,146.46325837796405,173.10284871727785,0.0,,17.40317390409743,17.40317390409743,20.0,10.0
2022-08-17,172.4838744257244,175.85826634245387,172.28420869872858,174.26092529296875,1.0,160.2611721740242,173.42232047417798,149.91273648069367,173.42232047417798,0.0,,17.40317390409743,17.40317390409743,20.0,10.0
2022-08-18,173.46225604993703,174.61034546419793,172.83329450579237,173.86158752441406,1.0,162.73005758935318,175.85826634245387,150.34142205746429,175.85826634245387,0.0,,17.40317390409743,17.40317390409743,20.0,10.0
2022-08-19,172.7434404308192,173.45227128874944,171.02628773761222,171.23594665527344,1.0,162.73005758935318,175.85826634245387,150.34142205746429,175.85826634245387,0.0,,17.40317390409743,17.40317390409743,20.0,10.0
2022-08-22,169.408979934634,169.57869657072,166.8631999263058,167.29249572753906,1.0,162.97963344395,175.85826634245387,150.34142205746429,175.85826634245387,0.0,,17.40317390409743,17.40317390409743,20.0,10.0
2022-08-23,166.80330321215317,168.43060866897252,166.3740074071035,166.9530487060547,1.0,162.97963344395,175.85826634245387,150.34142205746429,175.85826634245387,0.0,,17.40317390409743,17.40317390409743,20.0,10.0
2022-08-24,167.04290453472152,167.83158949349544,165.97466927601403,167.25254821777344,1.0,166.3740074071035,175.85826634245387,151.69729187237277,175.85826634245387,0.0,,17.40317390409743,17.40317390409743,20.0,10.0
2022-08-25,168.5004832036769,169.85823152491722,168.0712026362684,169.7484130859375,1.0,165.97466927601403,175.85826634245387,153.94045879828096,175.85826634245387,0.0,,17.40317390409743,17.40317390409743,20.0,10.0
2022-08-26,170.28751615942616,170.76671693740585,163.28911608916886,163.34901428222656,1.0,165.97466927601403,175.85826634245387,159.01496687168523,175.85826634245387,1.0,165.97466927601403,-148.5714953719166,14.777518910309965,20.0,10.0
2022-08-29,160.8831171219248,162.63021898743415,159.55533310963472,161.1127471923828,1.0,163.28911608916886,175.85826634245387,159.1445729000321,175.85826634245387,1.0,,-148.5714953719166,12.541251820466215,20.0,10.0
2022-08-30,161.86150395493547,162.2907845266709,157.45880362989854,158.64683532714844,-1.0,159.55533310963472,175.85826634245387,159.1445729000321,175.85826634245387,0.0,159.55533310963472,10.983837737718119,10.983837737718119,20.0,10.0
2022-08-31,160.04450416180606,160.31406127343777,156.87975590611944,156.95962524414062,-1.0,157.45880362989854,175.85826634245387,157.45880362989854,175.85826634245387,-1.0,175.85826634245387,186.842104080172,29.882478836031368,20.0,10.0
2022-09-01,156.38058876667466,158.15763969999333,154.41385005392553,157.6984100341797,-1.0,156.87975590611944,174.61034546419793,156.87975590611944,175.85826634245387,-1.0,,186.842104080172,29.143694045992305,20.0,10.0
2022-09-02,159.48543346772217,160.0944238386611,154.7133509807654,155.5519561767578,-1.0,154.41385005392553,173.45227128874944,154.41385005392553,175.85826634245387,-1.0,,186.842104080172,31.29014790341418,20.0,10.0
2022-09-06,156.21086793133617,156.8298362614536,153.4354731670102,154.27407836914062,-1.0,154.41385005392553,170.76671693740585,154.41385005392553,175.85826634245387,-1.0,,186.842104080172,32.56802571103137,20.0,10.0
2022-09-07,154.56360975588248,156.41053682892846,153.35560693533935,155.70172119140625,-1.0,153.4354731670102,170.76671693740585,153.4354731670102,175.85826634245387,-1.0,,186.842104080172,31.140382888765743,20.0,10.0
2022-09-08,154.38390296728724,156.10105572600887,152.42714218402796,154.20420837402344,-1.0,153.35560693533935,170.76671693740585,153.35560693533935,175.85826634245387,-1.0,,186.842104080172,32.637895706148555,20.0,10.0
2022-09-09,155.21252767940254,157.55864194276378,154.4937188512033,157.109375,-1.0,152.42714218402796,170.76671693740585,152.42714218402796,175.85826634245387,-1.0,,186.842104080172,29.732729080171993,20.0,10.0
2022-09-12,159.32569544917405,163.98795952015158,159.0361824280015,163.15933227539062,-1.0,152.42714218402796,170.76671693740585,152.42714218402796,175.85826634245387,-1.0,,186.842104080172,23.682771804781368,20.0,10.0
2022-09-13,159.63518187119254,160.27412135126607,153.11599749006893,153.58522033691406,-1.0,152.42714218402796,163.98795952015158,152.42714218402796,175.85826634245387,-1.0,,186.842104080172,33.25688374325793,20.0,10.0
2022-09-14,154.53363708650917,156.83982416493836,153.3555986613324,155.0527801513672,-1.0,152.42714218402796,163.98795952015158,152.42714218402796,175.85826634245387,-1.0,,186.842104080172,31.789323928804805,20.0,10.0
2022-09-15,154.39386798878215,154.98290242890369,151.12929461647695,152.11764526367188,-1.0,152.42714218402796,163.98795952015158,152.42714218402796,175.85826634245387,-1.0,,186.842104080172,34.72445881650012,20.0,10.0
2022-09-16,150.95958933790186,151.09935687596484,148.12428105595117,150.45042419433594,-1.0,151.12929461647695,163.98795952015158,151.12929461647695,174.61034546419793,-1.0,,186.842104080172,36.391679885836055,20.0,10.0
2022-09-19,149.0627158041703,154.30402094627766,148.85307212925608,154.22415161132812,-1.0,148.12428105595117,163.98795952015158,148.12428105595117,173.45227128874944,-1.0,,186.842104080172,32.61795246884387,20.0,10.0
2022-09-20,153.14594832394877,157.81820570217937,152.8264861970504,156.64015197753906,-1.0,148.12428105595117,163.98795952015158,148.12428105595117,170.76671693740585,-1.0,,186.842104080172,30.20195210263293,20.0,10.0
2022-09-21,157.07942358150916,158.47711416392738,153.3456271922269,153.46542358398438,-1.0,148.12428105595117,163.98795952015158,148.12428105595117,170.76671693740585,-1.0,,186.842104080172,33.37668049618762,20.0,10.0
2022-09-22,152.12764089237984,154.21417588495666,150.66007421270643,152.48704528808594,-1.0,148.12428105595117,163.98795952015158,148.12428105595117,170.76671693740585,-1.0,,186.842104080172,34.355058792086055,20.0,10.0
2022-09-23,150.93961352435525,151.2191485918326,148.31396424749428,150.1808624267578,-1.0,148.12428105595117,163.98795952015158,148.12428105595117,170.76671693740585,-1.0,,186.842104080172,36.66124165341418,20.0,10.0
2022-09-26,149.41214714391592,153.51534105631126,149.39217600114358,150.5203094482422,-1.0,148.12428105595117,163.98795952015158,148.12428105595117,170.76671693740585,-1.0,,186.842104080172,36.321794631929805,20.0,10.0
2022-09-27,152.4870549966071,154.46377168208483,149.70166694416562,151.5086669921875,-1.0,148.12428105595117,160.27412135126607,148.12428105595117,163.98795952015158,-1.0,,186.842104080172,35.33343708798449,20.0,10.0
2022-09-28,147.39548917193434,150.39052079848423,144.60012327378405,149.5918426513672,-1.0,148.12428105595117,158.47711416392738,148.12428105595117,163.98795952015158,-1.0,,186.842104080172,37.250261428804805,20.0,10.0
2022-09-29,145.85804907011808,146.47701740994071,140.4470117567928,142.24403381347656,-1.0,144.60012327378405,158.47711416392738,144.60012327378405,163.98795952015158,-1.0,,186.842104080172,44.59807026669543,20.0,10.0
2022-09-30,141.04601595573746,142.86300904965964,137.7714493917738,137.9711151123047,-1.0,140.4470117567928,158.47711416392738,140.4470117567928,163.98795952015158,-1.0,,186.842104080172,48.870988967867305,20.0,10.0
2022-10-03,137.98111256382643,142.83306436689293,137.46196948758993,142.21408081054688,-1.0,137.7714493917738,158.47711416392738,137.7714493917738,163.98795952015158,-1.0,,186.842104080172,44.62802326962512,20.0,10.0
2022-10-04,144.78981221782533,145.97784387665592,144.02108316207872,145.85804748535156,-1.0,137.46196948758993,158.47711416392738,137.46196948758993,163.98795952015158,-1.0,,186.842104080172,40.98405659482043,20.0,10.0
2022-10-05,143.83140400205696,147.13591966730942,142.77314673799478,146.15753173828125,-1.0,137.46196948758993,158.47711416392738,137.46196948758993,163.98795952015158,-1.0,,186.842104080172,40.68457234189074,20.0,10.0
2022-10-06,145.56852351086846,147.29565421489838,144.97950425826855,145.18914794921875,-1.0,137.46196948758993,154.46377168208483,137.46196948758993,163.98795952015158,-1.0,,186.842104080172,41.65295613095324,20.0,10.0
2022-10-07,142.3039258387853,142.86301119157918,139.21904699480626,139.8579864501953,-1.0,137.46196948758993,154.46377168208483,137.46196948758993,163.98795952015158,-1.0,,186.842104080172,46.98411762997668,20.0,10.0
2022-10-10,140.18743896484375,141.6550056155542,138.34051201702687,140.18743896484375,-1.0,137.46196948758993,154.46377168208483,137.46196948758993,163.98795952015158,-1.0,,186.842104080172,46.65466511532824,20.0,10.0
2022-10-11,139.6683067212198,141.1159175755205,137.9910962668431,138.7498321533203,-1.0,137.46196948758993,154.46377168208483,137.46196948758993,160.27412135126607,-1.0,,186.842104080172,48.09227192685168,20.0,10.0
2022-10-12,138.89958579848155,140.1275444780847,137.93119103781746,138.1108856201172,-1.0,137.46196948758993,150.39052079848423,137.46196948758993,158.47711416392738,-1.0,,186.842104080172,48.731218460054805,20.0,10.0
2022-10-13,134.7664528883069,143.35220156489618,134.14746929156544,142.75320434570312,-1.0,137.46196948758993,147.29565421489838,137.46196948758993,158.47711416392738,-1.0,,186.842104080172,44.08889973446887,20.0,10.0
2022-10-14,144.0710051179316,144.28066403872864,137.96114535238044,138.1508331298828,-1.0,134.14746929156544,147.29565421489838,134.14746929156544,158.47711416392738,-1.0,,186.842104080172,48.69127095028918,20.0,10.0
2022-10-17,140.83638659793823,142.6633425983608,140.03770840110545,142.17416381835938,-1.0,134.14746929156544,147.29565421489838,134.14746929156544,158.47711416392738,-1.0,,186.842104080172,44.66794026181262,20.0,10.0
2022-10-18,145.24905620375083,146.45704376460742,140.3771332074216,143.51193237304688,-1.0,134.14746929156544,147.29565421489838,134.14746929156544,158.47711416392738,-1.0,,186.842104080172,43.33017170712512,20.0,10.0
2022-10-19,141.4553455060851,144.70994104117318,141.26565773324995,143.6217498779297,-1.0,134.14746929156544,147.29565421489838,134.14746929156544,158.47711416392738,-1.0,,186.842104080172,43.220354202242305,20.0,10.0
2022-10-20,142.78314449843526,145.6483865295187,142.41374690788328,143.15252685546875,-1.0,134.14746929156544,147.29565421489838,134.14746929156544,154.46377168208483,-1.0,,186.842104080172,43.68957722470324,20.0,10.0
2022-10-21,142.63338556656043,147.60514906774915,142.4137486938082,147.02610778808594,-1.0,134.14746929156544,146.45704376460742,134.14746929156544,154.46377168208483,-1.0,,186.842104080172,39.815996292086055,20.0,10.0
2022-10-24,146.9462325321471,149.9811911088892,145.75820092287856,149.20248413085938,-1.0,134.14746929156544,147.60514906774915,134.14746929156544,154.46377168208483,-1.0,,186.842104080172,37.63961994931262,20.0,10.0
2022-10-25,149.8414337231216,152.23746824607005,149.11264693456073,152.08770751953125,-1.0,134.14746929156544,149.9811911088892,134.14746929156544,154.46377168208483,-1.0,,186.842104080172,34.75439656064074,20.0,10.0
2022-10-26,150.709995351885,151.73828830588909,147.7948178840182,149.1026611328125,-1.0,134.14746929156544,152.23746824607005,134.14746929156544,152.23746824607005,-1.0,,186.842104080172,37.73944294735949,20.0,10.0
2022-10-27,147.82478465443154,148.8031573850313,143.89130735565956,144.56019592285156,-1.0,134.14746929156544,152.23746824607005,134.14746929156544,152.23746824607005,-1.0,,186.842104080172,42.28190815732043,20.0,10.0
2022-10-28,147.95456456200571,157.23916598091603,147.57520423462256,155.48208618164062,1.0,137.96114535238044,152.23746824607005,134.14746929156544,152.23746824607005,0.0,152.23746824607005,34.60463583410194,34.60463583410194,20.0,10.0
2022-10-31,152.90634972825453,153.9845629284234,151.66839785394538,153.08604431152344,1.0,140.03770840110545,157.23916598091603,134.14746929156544,157.23916598091603,0.0,,34.60463583410194,34.60463583410194,20.0,10.0
